valor_fatura_centavos,valor_pago_centavos,inadimplente
3913,0,1
11073,2306,0
38358,3000,0
16646,17270,0
218668,10000,0
17447,1318,0
175886,8083,0
18565,0,0
165254,6400,0
8583,0,0
18722,1411,0
171438,10908,0
19660,9677,0
4000,5645,0
50801,2360,0
9168,1650,0
115785,10478,1
102349,3166,0
48860,0,0
14483,0,1
47790,2000,0
226430,9100,0
79278,3100,0
3265,2686,0
58203,1506,0
26655,1800,0
29242,5006,0
210380,10000,1
89003,4100,1
50859,2007,0
60502,3276,0
1686,657,0
9720,1200,1
47819,2200,0
24898,3800,1
46512,1974,1
47081,3000,1
194314,9010,0
20631,0,1
69937,3500,0
153249,7900,0
120298,4007,0
55607,11404,0
44338,3629,0
70119,3600,0
61807,2300,0
46122,1260,0
23974,1800,0
212795,8909,1
50893,1800,0
177554,7600,0
8574,1203,1
19161,2000,1
18355,2900,0
111496,6022,1
4073,2400,1
12339,10000,0
37850,38187,0
108351,8005,0
49809,2040,0
35785,15155,0
30341,5000,0
23396,1426,0
3280,0,1
36146,3000,0
26795,2000,0
148363,6900,0
186149,0,1
53261,4500,0
25078,1500,0
64762,0,1
247276,10000,0
159398,6163,1
8109,2000,1
17681,1611,0
7960,2000,1
152856,6000,0
109863,4380,0
37647,0,1
25103,1509,0
11442,3738,0
1438,1261,0
2648,200,0
15355,3164,0
16754,2400,1
54968,0,1
11058,2000,1
550,0,0
4290,4738,0
44733,2100,0
2450,0,1
35660,2000,0
15294,1300,0
24401,1454,0
11315,1212,1
22431,1500,0
22109,6000,0
10737,21197,0
47585,10000,0
3779,3955,0
10889,29987,0
8201,39,1
11973,20979,1
148747,5500,0
286732,10792,0
113348,0,0
80000,0,0
131795,6743,1
62198,1600,0
11109,78016,0
26847,2500,0
1350,0,0
284204,10261,1
148341,8405,0
34735,0,0
198510,0,0
1723,6876,0
3424,155,0
19977,2000,1
234328,8913,1
147300,10000,0
71195,0,0
3820,2640,0
137606,6000,0
666,666,0
81998,4003,1
584,3307,0
30101,2000,0
3675,19316,1
89394,5000,0
16984,87004,0
23901,4146,1
74298,7000,1
194301,10744,0
194961,7200,0
132214,4414,0
12200,1518,0
34480,1472,0
50332,4210,0
21460,3000,0
57612,2134,0
3153,1013,0
6186,735,1
9877,1140,0
14682,3200,0
67857,3000,0
42189,83754,0
47236,1800,0
20755,2000,0
165040,6809,1
48206,2120,0
80610,6502,0
187610,8500,0
69602,0,0
17104,1613,0
17524,5000,0
142149,6534,0
44734,10120,0
23800,1246,0
100895,3371,0
6526,783,0
1988,0,0
15931,2000,0
3313,7458,1
44278,0,0
93738,3000,1
50716,3029,1
49546,0,0
49617,1813,0
47853,2412,1
24285,3002,0
2635,1270,0
89910,5000,0
49816,3000,0
35417,1908,1
16033,1716,0
13265,1632,0
4330,8369,0
667,0,0
173058,6300,0
44795,10000,1
28383,5000,1
49157,0,1
57598,0,1
131446,5000,0
49459,2300,0
17771,1311,0
22415,0,0
32023,10000,0
27947,2000,0
106417,9026,0
21251,33840,0
101038,4215,0
816,803,0
19261,81975,0
116486,4353,0
6708,1098,0
49619,2072,0
33895,0,1
16039,1600,1
85997,0,0
1473,390,0
578,7129,0
184501,7627,0
10172,3000,0
98441,4000,0
66114,5000,0
3785,1142,0
158920,8000,0
1200,990,0
10438,0,0
14769,1573,0
2199,1530,0
49544,1970,0
69392,3046,0
5208,654,0
15148,0,0
61614,45889,0
82064,4000,0
69572,2828,0
16616,2500,0
43379,3628,1
58943,2800,0
10000,10000,0
58363,56270,0
58841,3700,0
60289,1580,1
128166,3844,0
175904,8000,1
29568,3701,0
14517,2500,1
9363,1200,0
17471,1400,0
44737,2103,1
10361,10000,0
104335,5500,0
711,878,1
2324,1064,0
9530,7000,0
2475,2475,0
41322,0,0
35103,10000,0
10540,1081,0
17541,2000,0
33918,20000,0
12436,3380,0
80534,3006,0
12619,2800,1
6565,0,0
128302,2371,0
15145,2000,1
45021,2100,0
48991,2000,0
201169,16286,0
1006,1855,0
31462,6037,0
31746,1800,1
25631,2500,0
651,1883,0
22329,2000,1
10512,2000,1
132070,6000,0
5857,1117,0
44109,5000,0
38386,316,1
10149,2000,0
11325,1519,0
13896,2000,1
15654,1330,1
20138,8267,1
184650,0,0
17582,0,0
586,14076,0
38924,5000,0
66623,2500,0
59712,3000,0
69116,2500,0
44498,3240,1
99387,5250,0
33589,3000,0
17560,2537,1
45429,2819,0
71921,368199,0
28063,1700,0
177633,5203,0
13733,2037,0
138379,9000,1
520,1339,0
9314,2020,0
7963,1321,1
113647,3000,0
32547,1582,0
3925,11253,0
49467,1472,0
147048,6364,0
53049,16018,0
38965,0,1
9933,1370,1
43729,2045,0
181550,10000,0
15679,1100,1
15175,1579,0
4600,2000,0
15332,10000,0
296846,7143,0
16961,2000,0
29664,1018,0
500,0,0
24014,2274,1
65324,2106,0
87916,5800,1
30349,0,0
671,671,1
76917,4000,0
50459,1600,0
3781,1710,0
20838,3000,1
156400,7200,0
7429,24325,0
8011,1320,0
8134,2000,0
23469,1437,0
29596,1600,0
3635,1100,1
48423,2150,1
29804,20044,0
38499,1743,0
128808,10000,0
7340,0,0
5744,33115,0
105365,5030,1
165602,80000,0
89095,6000,0
3377,1000,0
17990,0,0
11067,12405,0
22683,2219,0
15703,4663,0
13006,524,0
9317,10000,1
116497,5000,0
5523,8037,1
14885,1939,1
4759,0,1
991,991,0
27563,5002,0
729,0,0
2346,0,1
29717,0,0
2477,3470,0
7300,3238,1
83150,0,0
21004,0,1
26836,2500,1
41298,2000,0
258364,45446,0
128146,4052,0
5143,6159,0
162530,6100,0
47642,4000,0
184144,8017,0
47757,1468,0
3719,1000,0
5154,1124,0
2522,0,0
12695,3000,0
185070,7022,0
630,825,0
1473,1473,1
8214,2151,1
970,1303,0
997,1270,0
26736,3000,0
4535,0,1
20914,10087,0
87235,4000,0
276758,12000,0
53567,6950,0
14472,680,0
40994,5500,0
204191,9000,0
3299,599,0
40538,1988,0
17179,1300,1
161766,7000,0
93970,3799,0
1485,0,0
26273,0,1
50342,8025,0
62824,2178,1
107372,5000,0
150739,7000,0
532,1106,0
19073,3895,0
1757,3579,0
18338,2000,0
47243,2000,1
63603,7666,0
1197,0,1
99518,937,0
76184,3345,0
84718,0,1
42243,7773,0
28129,1800,1
170845,6800,0
43747,1746,0
1638,54490,0
47662,2000,0
69866,10000,0
82609,3106,0
16149,1223,0
4197,4711,0
17775,1500,0
105356,3931,1
30415,2006,0
3493,12498,0
16659,1600,0
3759,8873,0
9358,1216,0
146756,5500,0
9784,2303,1
12907,316,0
107028,4000,0
44242,25000,0
83412,3700,0
28569,1400,0
47445,1697,1
25045,15522,0
70966,5606,0
117775,5700,0
30773,4000,0
890,390,1
13770,1522,0
109259,5400,0
12091,0,0
30627,4008,0
660,1320,1
61785,3848,0
35906,2000,0
24677,3000,1
61015,3016,0
109114,2835,0
294475,12021,0
2522,0,0
100802,5200,0
3274,86682,1
214423,10000,0
35214,3900,0
50995,2500,0
13165,2100,0
57798,2050,0
21635,0,1
19203,0,1
3680,13517,0
3450,12174,0
8432,1300,0
50019,1400,0
78592,3700,0
5678,1010,0
49772,2082,0
69311,0,1
28611,1352,0
17154,5095,0
53111,4000,1
265044,73000,0
41799,2027,0
552,0,0
1243,0,0
8679,1190,1
20208,5209,0
106140,3003,1
19062,1333,0
13530,1258,0
4524,2000,1
1261,1261,0
33459,3000,0
167358,11000,0
4679,1000,0
54663,11000,0
43583,7500,0
101761,3856,1
72083,5031,0
56839,2700,1
28401,3434,1
16372,15420,0
19734,3000,0
89488,5016,0
20614,5001,0
35145,2000,0
5287,5717,0
65763,3000,0
163529,4700,0
278863,0,1
2920,4060,0
71230,2500,1
12485,1221,1
11394,3600,0
14038,12000,0
597,6507,0
181814,7035,0
1956,2060,0
18472,2690,0
17039,7540,0
92464,3600,0
63486,4330,1
16199,0,0
60700,5000,0
3217,11435,0
23940,75000,0
224662,10160,0
2806,652,1
48585,2220,1
3486,550,1
77637,4400,0
75296,3000,0
25718,0,0
8612,2202,0
8558,1471,0
8404,16835,0
24794,2000,0
147891,5004,1
160580,13714,1
40352,1523,0
49722,2200,0
2690,2500,1
246659,11000,0
1430,0,0
16320,0,0
154753,7000,0
14605,2000,0
56437,3000,0
16659,10000,0
47110,2401,0
126205,4998,0
13486,0,1
17795,4125,0
127609,6000,0
17962,1336,0
21763,0,0
22212,0,0
42435,3000,1
3063,3625,1
8059,11680,0
56373,2129,0
10000,10000,0
87590,17200,1
47605,2300,0
13200,9863,0
10830,2749,0
87673,9100,1
18595,1310,0
255834,9425,0
24510,2000,0
185441,10000,0
156238,10000,0
56166,2760,1
133094,5005,0
49032,2599,0
61099,4160,0
10622,1500,1
3916,2886,0
19926,4158,1
10119,3000,0
25334,6867,0
14554,1260,0
39000,1900,0
19969,8000,0
2165,15000,1
2779,22595,0
3062,112000,0
24282,1500,0
1801,9556,0
23820,2005,0
28383,0,0
21409,1000,0
187889,8000,0
81562,11,1
29676,1513,0
20000,1685,0
212968,237000,0
14401,4374,0
27748,1500,0
4762,1000,0
28889,2002,0
5807,1600,0
22280,1748,0
51444,2000,0
8862,3220,0
172567,7000,0
9146,10957,0
26319,1800,0
41897,4000,0
2970,430,0
30003,1643,0
101023,3580,0
24708,1995,0
256324,12009,0
7770,5846,0
111880,4000,0
18599,1321,0
2389,1064,0
10920,3939,0
32540,14163,1
2500,0,0
1149,1424,0
112391,5000,0
6242,1776,0
15004,2452,1
14692,1269,0
39685,1600,0
600,0,0
31570,2000,0
78913,2900,0
201324,10646,0
82150,0,0
51614,2000,0
91458,3137,0
56998,3601,0
1596,0,0
36831,28791,0
36676,2165,0
16219,1674,1
141697,7000,0
5800,1000,1
67371,3100,0
1207,5590,1
16648,1588,0
1070,4107,0
91272,5000,0
75433,27486,0
44751,1500,0
250121,10236,0
34084,4085,0
157122,0,0
150527,7000,0
265803,16770,0
1117,0,0
21787,1382,0
2400,0,1
203385,5891,0
137723,7000,0
166988,8000,0
8065,49362,0
26928,3600,1
749,60295,1
1473,1473,1
2007,21817,0
178854,2600,1
631,1800,1
24796,3000,0
69926,4000,0
19961,1500,0
61089,0,1
69794,3000,0
10448,1211,1
141330,8000,0
10361,0,0
19081,1170,0
4377,0,0
281663,80019,0
12193,2000,0
97584,3600,0
65600,2300,0
25899,0,1
38604,1575,0
3440,6140,0
15472,14877,0
13747,1500,1
997,40297,0
122193,5004,0
17790,1000,1
17541,1762,0
49005,2141,0
650,300,1
8286,1400,0
29742,1406,1
35077,3407,0
27429,2403,0
100016,0,1
3872,2000,0
9507,4405,0
134733,9148,0
261974,15000,0
41057,1300,0
33319,1700,1
6066,1200,0
1085,326,1
292907,0,1
46202,1784,0
2500,0,0
61432,0,1
52935,0,1
57259,2500,1
53044,1607,0
120528,7000,0
25988,1815,0
13922,3000,0
17973,2800,0
7244,1142,0
63115,1988,0
71708,3200,0
130705,6500,1
3244,8339,0
17368,0,0
40496,1000,0
21027,27994,0
4711,5000,1
47269,2767,0
17166,2000,0
78230,2289,0
162452,5000,0
78658,4514,1
29009,9000,0
77245,8722,0
25063,1545,0
63098,2338,1
78861,2435,0
84094,3081,0
173742,8100,0
27990,1850,0
22027,35000,0
2276,1000,0
9860,0,1
15522,1500,0
20636,1369,1
87815,3800,0
6643,3000,0
40250,23000,0
96898,4826,1
46806,2000,1
107337,3735,0
59929,2110,0
3645,9088,0
50739,1500,0
1261,2261,1
176731,6814,0
241153,10000,1
12793,14212,0
7795,4112,0
16098,1597,1
27371,871,0
37293,1634,0
180962,6601,0
38173,1957,0
31281,2556,0
25706,1434,1
16493,0,1
28054,3600,1
2207,263,0
114538,6000,0
1246,1845,0
193444,15000,0
29048,0,0
8770,6000,1
47276,3000,1
199911,8001,0
9591,1000,0
2000,0,0
1194,2101,0
190547,7158,0
7961,20004,0
577,63895,0
9556,3000,0
39347,1200,0
16787,1700,0
10159,38075,0
48560,4570,0
6005,3000,0
56412,10034,0
30749,20000,0
20650,0,0
10242,2006,0
24457,1716,1
99932,1712,0
6419,1067,0
17708,1615,0
3680,0,0
20452,18832,0
146778,6554,0
23607,2000,0
89538,4000,0
42932,0,1
1147,1147,0
588,592,0
5624,2519,0
126080,7000,0
2410,0,0
38726,1663,0
91656,5110,0
76050,3000,0
48493,2109,0
158809,5380,0
10544,2000,0
6750,15227,0
1326,0,0
3898,0,0
44380,968,0
20661,2500,0
12755,832,0
1392,0,1
12127,0,0
89842,4025,0
30719,1900,0
722,9086,0
12272,2005,0
11729,1000,0
51521,1451,1
36773,3210,0
45810,0,1
78950,2815,1
106540,5000,0
43310,2500,0
95972,5000,0
77595,3700,0
78415,3369,1
50482,6749,0
47603,5705,0
100608,4000,0
26730,1500,0
13540,406,0
10478,1193,0
18301,2026,0
45738,4016,1
46467,1500,0
1264,5478,0
47863,2000,0
17654,0,0
30925,43272,0
64086,6005,0
10896,390,0
132755,6417,0
33814,1766,0
24984,1434,0
135001,6100,0
30941,1751,0
14492,1349,1
96131,4204,0
51139,3500,0
15176,2715,0
18836,2000,0
17450,3200,1
49929,1750,0
19727,2000,0
780,0,0
1127,13030,0
694,656,1
25916,14187,0
18290,25287,0
30488,1600,1
110712,4112,0
3458,3833,0
34751,3500,1
20310,34,0
79867,2163,0
860,0,0
90221,4000,1
14421,5000,1
47378,2105,0
25747,0,1
30045,1000,0
27020,1703,0
25001,141472,0
13359,1300,1
27794,30199,0
222000,10013,0
52156,0,1
153390,15102,0
1643,8000,0
99801,5100,0
11613,1513,0
9589,70000,0
2597,3807,0
106321,4334,1
86761,0,1
166517,150000,0
118109,18008,0
62063,0,0
44625,2174,0
74396,2700,1
277680,12005,0
98761,4000,0
10228,50836,0
57004,0,0
27703,1500,1
232834,9001,0
6936,500,0
71712,3332,0
5520,0,0
73753,5121,0
2521,0,0
3266,390,0
14132,35820,0
5428,9064,0
97763,4500,0
42807,10000,0
4384,0,0
15847,0,1
4975,1200,0
154374,7500,0
26262,4000,0
18019,5559,0
40587,2000,1
11906,55167,0
1725,21711,0
34645,2000,0
39410,3000,0
8140,0,0
29187,1505,0
153470,10000,0
16626,0,1
30121,4000,0
1876,1876,0
48815,2063,0
16303,32000,0
5024,17267,0
2400,0,1
131764,6500,0
13406,13736,0
39177,2000,0
10413,3000,0
103457,10000,0
19350,2000,0
1812,390,0
45709,2000,1
25000,25000,0
15991,0,0
17553,0,1
48497,2089,1
37643,1538,0
47036,1704,0
10817,2000,0
503,694,0
7236,13003,0
18988,1400,0
12178,22452,0
19155,1473,0
49793,1866,0
15596,1470,0
45603,29882,0
155131,6641,0
141552,2157,0
3264,2395,0
71501,1966,0
111053,5020,0
193781,10000,0
13929,2837,0
105509,4285,0
54803,0,1
232501,20000,0
194654,6540,0
8435,169,0
767,9804,1
126786,0,0
144194,6600,1
15100,0,0
14088,1111,0
7102,1893,0
3375,3283,0
780,0,0
44347,0,1
222134,10020,0
120290,6000,0
215459,7412,0
95549,5025,0
17141,1500,0
40514,1800,0
120515,3030,0
24763,10700,0
69852,0,1
4180,7781,0
26177,1800,1
25989,1533,0
32464,1867,0
185111,5000,0
256359,10027,0
46736,30000,1
3872,5409,0
171041,5000,0
14515,0,1
149218,10915,0
1999,10145,0
21171,2028,0
24583,1964,0
15036,1580,0
106298,6451,1
9821,8611,1
88112,4569,0
199802,9231,0
12089,2306,0
290137,15128,0
200332,0,1
23702,1457,0
7855,17512,0
21057,2282,0
21958,1300,0
39826,1900,0
14492,1500,0
23535,0,0
10566,1200,0
18436,1500,0
24611,0,1
78028,3200,0
2948,62635,0
11367,3000,0
168516,6791,0
14591,1900,0
3570,0,1
173630,8000,0
37342,2500,0
187665,0,0
181221,10073,0
38031,2000,0
616,0,0
91538,3354,0
6715,1287,0
63889,2800,0
3024,3462,0
139184,6411,0
3614,0,0
741,6339,0
98033,4620,0
68658,4500,0
23860,0,0
23101,1481,0
21275,1800,1
47631,2000,0
57925,2100,0
16501,0,1
42674,4000,1
120098,4500,0
12650,0,0
44966,1690,0
49244,2000,0
117010,4337,0
233717,10004,0
6008,8008,0
87514,4000,1
2612,3234,0
17180,1500,0
80437,7000,0
36838,1607,0
19363,1200,0
60918,2500,0
17074,15000,0
64254,2211,1
106223,7500,0
3379,0,0
164511,15000,0
158495,5530,0
65275,5000,0
25546,3700,1
189976,15510,1
1094,1335,0
42726,3941,1
17439,1340,0
77506,2900,0
11736,780,0
50174,3000,0
3334,3366,0
5163,0,1
2500,0,0
2341,340,0
3209,0,0
8571,21041,0
174381,7000,0
31666,3000,0
60315,2850,0
1131,0,0
6115,872,0
34704,3000,0
2216,5258,0
524,248,0
4231,1500,1
6313,2426,0
40910,0,0
50747,0,0
3510,0,0
8217,5000,0
65059,3141,0
675,0,0
66831,3021,0
98784,1050,0
23418,1408,0
4742,1277,0
58213,3500,0
1300,628,0
149278,3984,0
17528,1000,0
16888,1616,0
3407,10850,0
27234,1389,0
41789,2100,0
114644,4320,0
108214,5300,0
42659,1500,0
30852,1906,0
17772,1300,1
1762,4,1
18896,2006,0
44739,3000,0
68689,3120,0
727,0,0
94432,0,0
45153,2904,1
18166,3000,0
76187,9834,1
42150,3000,0
36664,1690,0
56893,3000,0
40749,0,0
45465,1706,0
26669,1844,1
13509,500,0
29785,4000,0
293303,50070,0
12060,0,0
3475,1100,0
23912,0,0
769,0,0
19149,1392,0
46741,2900,0
67906,2519,0
66963,3500,1
18231,3000,0
231187,10500,0
16569,11000,0
24146,2024,0
780,0,0
203519,6373,0
125529,8019,0
7466,899,1
9487,0,0
4289,1187,0
17401,0,0
11065,1206,1
8647,1232,0
1152,49349,0
5000,1600,0
169734,6568,1
2482,0,1
42781,2300,1
47750,2180,1
10393,0,0
156683,5808,0
85988,5000,1
46244,1599,1
21450,0,0
65920,3150,0
105080,5540,0
38430,0,1
4965,500,0
2566,4725,0
59331,3500,0
40931,4100,0
16224,2001,0
52149,1173,0
626,626,0
105403,3109,0
187472,9200,0
107934,19000,0
147974,5300,0
35792,2000,0
22343,3000,1
35695,6018,0
525,7797,0
89635,3122,0
20655,1701,0
208603,8444,0
555,0,0
51054,2489,0
5685,0,1
118096,12000,1
109994,17100,1
3556,652,1
4247,1283,0
182396,8300,0
60183,10000,0
28607,0,0
85220,3000,1
2275,0,0
25118,1440,0
115700,6000,0
8857,1400,1
8040,8099,0
15465,1280,0
90874,3000,0
191262,0,0
140876,3600,0
4285,1866,0
1872,1249,0
50297,1852,1
89595,2437,0
8169,3000,0
135056,4547,0
51244,2000,0
45013,2007,0
66978,0,1
18653,1500,1
73839,6700,1
8000,8000,0
15584,4377,0
6872,1204,0
17213,2400,1
792,0,0
162757,5,1
44249,8130,0
80740,3000,0
5014,60207,0
138859,5100,1
4400,942,0
7576,15532,0
35419,0,0
6218,1000,1
49803,1390,0
7789,9666,0
7194,0,1
16235,2200,1
30452,6919,0
77720,3774,0
730,1550,0
37822,3700,0
6772,1128,1
18733,2000,0
48850,0,0
49171,2000,1
42451,2100,0
3634,3000,0
40846,1149,1
125623,5000,0
9240,386,0
1199,2000,0
46693,1158,0
195456,8007,0
48603,1963,1
45747,1618,0
2500,0,0
43098,10615,0
84729,26894,0
231550,5067,0
60660,3500,0
12278,1500,0
15859,3200,0
4310,3905,1
36917,2000,0
65054,1568,0
5942,2500,0
5190,649,1
47399,2361,0
48905,1800,0
5310,2711,0
48403,2550,0
2624,0,0
14409,3540,0
51400,0,0
15335,0,1
39215,11200,0
218675,8717,0
11599,644,0
62319,6000,0
10140,9984,0
3689,3993,0
2013,0,0
277803,16000,0
32507,3000,0
7691,1192,0
9517,36527,0
98048,4000,0
28852,1700,1
51133,10000,0
51016,2098,0
1050,0,1
718,3927,0
17147,1700,0
2500,0,1
19773,1331,1
2646,0,0
1669,416,0
39839,1700,0
21345,6363,0
117492,3985,1
14867,1079,0
52419,0,0
138602,4870,0
3009,3454,0
94953,120656,0
155814,5397,0
160889,9000,0
2795,941,0
28916,11592,1
30005,1842,0
25588,2096,1
44808,2100,0
57998,3000,1
170707,6017,0
18811,0,0
182545,9000,0
72770,4108,1
66426,2657,0
271305,9703,0
192080,5716,0
29224,2000,0
109924,6000,1
36343,5140,0
80709,2300,0
45060,1407,1
298343,12300,1
22824,6573,0
16033,1593,0
6378,72534,0
125557,2498,0
49707,2000,0
836,2695,0
74270,3200,0
99050,1301,0
72514,5118,1
2342,2951,0
22604,5000,0
10401,2000,1
20069,1700,0
7370,3420,1
25968,1313,0
62261,6615,0
19131,0,1
5105,7261,0
2386,3166,0
30119,1900,0
188463,6536,0
3391,20,1
112320,5073,1
13504,1267,0
6479,1670,1
4639,1838,0
49103,1800,0
41008,2005,1
14433,2394,0
25158,5000,0
70084,3000,1
42067,4055,0
47927,4090,1
5219,0,0
82567,3121,0
252916,9011,0
105587,3627,0
6769,12660,0
151761,5752,0
980,2000,0
957,356,0
25366,5000,0
7582,1200,1
196192,0,0
5885,2000,0
920,1592,0
28412,72234,0
552,552,0
50000,1150,1
9232,68209,0
49808,0,1
142826,3000,0
51686,10068,0
734,9483,0
289995,10015,0
136183,6901,0
110925,5607,0
60099,2500,1
15045,1400,0
990,990,0
20195,1376,0
780,0,1
8827,0,0
147440,5009,0
96832,2592,0
46376,0,1
61367,0,1
51439,20000,0
28057,14412,0
4166,2859,0
20324,1500,0
286706,10480,0
3775,2005,0
29772,1229,0
83760,0,1
1396,1700,0
11639,2552,0
528,0,1
182501,9000,0
41069,315,0
237332,8000,0
79397,2950,1
168318,4163,0
10216,900,1
15794,1281,1
27080,1500,0
223773,8391,0
56331,3004,0
55731,3000,0
3783,2000,0
142024,6500,1
139719,6000,0
12365,90500,0
71201,2691,0
54977,2500,1
135294,7462,0
1134,2995,0
3206,1100,1
9677,4578,0
37984,3900,1
30038,1089,0
10515,1500,0
38333,3000,0
1289,2106,0
110593,4500,0
46035,2000,1
27306,1747,0
127939,5059,0
44076,1810,0
16294,1600,1
25366,36655,0
10941,1300,0
78672,7018,0
159734,4800,1
112774,5000,0
271276,16991,1
41484,1709,0
44344,2021,1
40286,14,0
3245,1867,1
1257,2851,0
33699,1900,1
110359,5000,0
55241,10000,0
83593,2727,0
167795,7299,1
29668,1555,0
678,602,1
156853,5757,0
76054,3275,0
5202,3000,0
48019,2279,0
1622,13016,0
949,40,0
1901,3855,0
46351,1377,0
56602,5000,0
43724,2000,0
33202,2000,1
239715,10469,1
60130,3007,0
86914,6134,0
11995,1528,1
8898,1283,0
6282,5864,0
54809,2612,0
238107,12067,0
81963,15000,0
274610,10556,0
93863,4762,0
23486,3000,0
26648,1600,0
18255,19241,0
25465,4000,0
27044,0,1
141460,8021,0
71855,5000,0
45367,2335,1
8541,0,1
14380,0,0
1000,0,0
9811,6097,0
34228,75113,0
3020,2916,0
5155,0,0
13366,1250,0
3413,0,0
1493,1858,0
9503,0,0
152979,3500,0
1472,1500,1
50220,2055,0
245997,10800,1
16228,30745,0
203340,8064,0
101658,4134,0
30073,3000,0
23498,3600,1
2675,0,1
49144,1837,0
22970,0,0
632,316,0
76118,4196,0
14040,1152,0
45074,2201,1
1104,1164,0
3853,1946,0
6723,17410,0
893,2300,0
126546,4922,0
14765,1000,0
16006,1400,0
1211,2000,0
4338,0,1
696,696,0
223904,0,1
69877,2600,0
4094,0,0
980,4000,1
27044,2000,0
32202,1802,1
41970,1291,0
19061,52498,0
1941,2132,0
560,0,0
15610,3000,0
14939,1000,0
1400,2800,0
65627,2982,0
74818,2400,0
511,0,0
17624,1300,0
22681,20246,0
1650,0,1
95648,5000,0
50899,2000,0
17421,1650,0
2238,2000,1
5838,1300,0
20251,0,1
19401,1650,1
51076,2223,0
15714,13171,0
87842,3021,0
44765,10006,0
14546,1265,1
1919,7389,0
1260,2530,0
116720,7000,0
62281,2500,1
95943,32153,1
1369,4769,0
86774,4200,1
49660,2000,1
85579,3023,0
44238,4000,0
51826,1500,0
87580,3300,0
230131,8500,0
33536,3000,0
8010,1500,0
15938,1317,0
75517,6000,1
87162,4293,0
1597,0,0
51630,4000,0
6892,1294,0
83369,3853,0
28850,0,1
5095,4840,0
700,1428,0
1172,380,0
1496,1496,0
54211,2007,0
48688,2530,0
260783,1743,0
89792,4500,0
32685,4400,1
39847,1719,0
41687,2000,1
52899,1726,0
97733,3500,0
509,14310,0
180387,9000,0
48415,15021,0
68452,3513,0
12196,1300,0
40559,5000,0
539,0,0
8916,318,0
1000,0,1
7684,1200,0
4016,3000,0
17873,3000,0
780,0,0
95205,9300,1
45117,3000,0
1095,2941,0
160413,6011,0
14558,3200,0
4882,5220,1
1170,0,1
78337,3500,1
71065,2566,0
17165,1500,0
50713,3000,0
2395,0,1
7834,1093,1
80166,0,1
24763,10000,1
51047,0,0
34384,2000,0
1600,1815,0
33307,6000,1
24297,5000,0
17809,1300,0
67646,3300,1
628,1,0
119684,5000,0
120533,6000,0
75222,2379,1
236136,0,0
269781,10001,0
4966,1406,0
2395,0,1
14709,9326,0
32244,1841,0
49129,1833,0
27186,1451,1
48668,4034,1
11689,2000,0
102157,5367,0
4262,3000,1
19064,2000,0
25193,10000,0
56261,1993,0
28652,2000,0
217735,9553,0
2202,2911,0
24605,1462,0
250970,10000,0
21670,0,0
114133,10000,1
18787,1400,0
5391,7375,0
118467,4000,0
76112,4500,0
5459,20415,0
53951,3000,0
60819,5000,0
4016,5119,0
1282,367,1
41174,2000,0
694,694,0
42284,1800,0
156387,0,1
15481,3100,1
2006,0,0
58908,1000,1
1309,668,0
38390,4200,0
52692,3000,1
48465,1737,0
18351,1304,1
154432,4000,0
1296,0,0
160069,6000,1
3254,2000,1
3060,1000,0
261326,9166,0
257463,10023,0
110950,2500,0
1443,1443,0
648,39637,0
77052,3000,0
53490,1952,0
253627,10153,0
90880,0,0
1594,4612,0
1288,0,0
2219,0,0
4921,1500,1
21676,0,0
3633,0,0
6461,8117,0
14414,1554,1
49310,0,1
23362,9025,0
7930,1343,0
58032,4800,1
54938,1985,0
12566,3061,0
105338,3600,0
73939,3000,1
61094,3000,0
48198,2195,0
50151,1724,0
4040,0,1
5146,15381,0
68462,3100,0
17845,3384,0
1026,9066,0
33947,4000,0
19455,1500,0
29188,0,1
96343,0,1
148860,6500,0
4479,15499,0
54326,5000,0
58117,2400,0
860,860,0
67087,2400,0
1745,3384,0
25952,1440,1
10722,0,1
13815,0,1
49644,0,0
34529,19000,0
106526,4000,0
3000,2668,0
30646,1500,0
51012,2000,0
16611,18552,0
63354,3000,1
75953,7000,0
105851,5604,0
92626,5000,0
152699,4462,1
58653,2500,1
155124,10000,0
17836,0,1
23064,1281,0
28928,1634,0
131138,6300,0
34713,2000,1
14028,3090,0
189417,3318,1
97528,3562,1
122838,10039,0
4637,1141,0
19381,1600,0
3613,14718,0
15094,1727,0
29504,0,0
133341,6804,0
105440,5300,0
124245,4536,0
2905,0,0
74860,11074,0
29632,1492,0
19446,2000,0
39192,1700,0
4749,6120,0
190693,7000,0
4202,1336,0
11765,6648,0
16935,1500,0
14510,7922,0
47021,2000,0
6570,2287,0
95893,3552,0
1066,0,1
18992,1500,0
162296,13000,0
10682,1200,1
528,0,0
30567,3778,0
7189,0,0
50469,3329,0
6949,2000,1
216170,8000,0
59976,2926,0
10078,1300,0
1330,2103,1
38344,0,1
29751,143713,0
2393,1731,0
9619,6247,0
1566,2891,0
11586,0,1
91930,3500,0
213495,10005,0
619,0,1
230979,7347,0
8951,9117,1
72840,9000,0
29147,1900,1
19650,1500,1
10960,0,1
48844,1898,0
17913,0,1
1313,1421,0
11623,1300,1
23142,5494,0
233756,3000,1
68228,2378,0
289299,15000,0
22753,3000,0
10603,1315,1
10142,1200,1
1653,1734,0
15824,2000,0
23704,0,1
50517,2015,0
43434,2100,1
13429,2500,0
15668,0,1
138329,6806,0
26774,2000,0
12129,1300,1
7881,3000,1
19656,1300,0
30209,1804,0
11471,2000,0
31405,0,1
6682,2669,0
17621,1700,0
10380,72024,0
19657,1273,0
277884,10100,0
500,4063,0
22957,1707,1
10171,2,0
10823,1400,1
4820,0,0
28720,0,0
55563,2520,1
15947,0,0
10994,1500,1
28138,2000,0
6805,2000,0
41740,2000,1
1150,1661,0
34708,0,1
14533,3002,0
19200,500,0
38487,5000,0
18519,2000,0
78894,3000,0
142714,7200,0
15389,1270,1
10401,18480,0
13465,20587,0
106202,5300,0
32183,2820,1
9598,1500,0
170646,7800,1
18641,6630,0
9418,0,0
16150,2000,0
9383,37465,0
43629,3790,1
12744,0,1
69455,2600,0
50544,2300,0
69602,2128,0
10827,2500,0
40831,1617,0
47815,2500,0
99891,3700,0
43664,2000,0
179399,0,1
18631,3000,0
99184,3000,1
94635,5400,0
91337,4000,0
27866,1062,0
8289,16585,0
46746,2100,0
93658,0,1
156000,5559,0
143660,5005,0
50120,1781,0
950,950,0
38909,1000,0
147350,11150,0
28144,2000,0
4690,2028,0
28264,2000,1
209495,8000,0
37958,3023,0
4474,0,1
2500,0,1
49005,6000,0
3773,4000,0
28803,1800,0
11391,5000,0
11403,191446,0
13849,40991,0
5890,1500,1
2875,0,0
71650,0,0
89955,7908,0
623,623,0
122264,3541,0
91152,3348,0
146549,7641,0
1203,0,0
46209,1543,0
127794,4317,0
104083,8,0
28864,2000,0
193136,6610,0
59023,45000,0
119287,4400,0
165425,8000,0
9551,5000,0
170263,5520,0
58928,2500,0
68445,0,0
2338,0,0
138765,4772,0
41696,1674,1
10083,1184,0
2178,7300,0
10278,1085,0
27172,1800,1
25932,1800,0
17584,3000,0
48848,1845,0
98428,5500,1
21667,0,1
26443,2000,0
76915,3149,0
1474,1196,0
8608,2000,0
172618,6765,0
41520,0,1
61743,2800,1
7351,3039,0
282849,12000,0
12214,2000,0
133336,5000,0
28951,1765,0
29997,598,0
6313,500,1
78216,2115,0
2827,3527,0
43900,2268,0
13208,1000,1
36560,11028,0
13195,1238,0
114091,12100,1
106989,3910,1
50677,4000,0
5086,5668,0
64276,3500,0
1261,1261,0
260733,20255,0
151594,4523,0
5620,42100,0
259524,8432,0
186004,8100,0
91390,5000,0
45553,6324,0
8985,805,0
4900,393,0
2112,733,0
11461,5877,0
500,0,0
4975,2000,1
32394,23185,0
44635,2000,0
13380,400,1
35068,0,1
62635,6000,0
10492,1600,1
780,0,1
61228,2810,0
36086,2000,1
10635,3007,0
15903,0,1
16931,1300,0
5586,1268,1
15847,1300,0
54216,2000,0
17617,1489,0
3237,5389,1
44980,7,1
38587,5000,0
42409,1700,0
23185,1400,0
8086,3015,0
1360,1301,0
49173,1800,0
19012,1326,1
35845,1500,1
33171,1524,0
149886,5388,1
3359,0,0
15781,5000,1
16976,1300,0
44742,1737,0
164646,7200,0
28768,1524,0
2654,0,0
26487,1500,1
37423,3967,0
76540,8000,0
10379,2255,0
717,3269,1
156753,10000,0
9970,1020,0
4664,1578,0
19849,0,1
725,2968,0
99203,3485,0
74180,3500,0
9267,29600,0
780,0,1
86183,4100,0
118008,5614,0
25561,2134,0
8056,1500,1
7397,2000,0
48322,4692,0
4392,11700,0
30884,0,0
7880,1010,0
181121,7013,0
37586,2000,1
5285,0,1
11446,1600,0
25370,21250,0
157215,6502,0
19410,3000,1
3305,0,0
25344,2000,0
104163,3400,0
10968,2000,0
28494,1750,1
109746,4000,0
45109,2100,0
85492,3500,1
27283,1459,0
98606,4500,0
50456,1432,0
4800,2040,0
171468,0,1
1019,1672,0
48211,1971,0
62122,2000,0
4833,6370,0
43648,3000,0
76383,3400,0
37719,3025,0
230740,1500,0
37350,2000,0
39940,2000,0
16754,1291,0
113203,4200,0
25870,1325,0
209176,11000,1
30788,1759,1
14465,50295,0
20226,0,1
50673,2500,0
21960,1176,0
174971,10000,0
23741,4000,1
39193,4600,1
10064,2000,0
25661,5000,0
50320,1784,0
66087,3120,1
37129,75000,0
137326,6400,0
70613,2006,0
1026,3751,0
10240,0,0
96093,6500,1
4904,5332,0
35757,22372,0
110176,2700,0
23690,1283,0
788,165,0
11732,6653,0
36414,2000,0
12818,17577,0
885,0,0
2727,1679,0
97026,5000,0
2947,4134,0
80540,3933,0
126220,0,0
24505,1800,0
111925,4000,0
57816,5900,1
3223,1220,1
15299,1883,0
43885,2408,1
20867,0,0
4965,51932,0
626,0,0
78780,0,0
51277,10006,0
155493,50706,0
92929,5000,0
41573,0,0
223022,7750,0
8800,0,0
121096,4407,0
1738,1738,0
145499,4751,0
1128,1784,0
3342,9023,0
5719,1043,0
86858,5000,0
19830,0,0
17500,10000,0
10950,1097,1
53916,0,1
90562,3340,0
20375,1089,0
151776,9300,0
41626,5004,0
212954,8000,0
6425,3746,0
17992,0,1
47550,5000,0
31689,10000,0
119951,4375,0
780,0,1
10379,1000,1
36479,2810,0
3860,780,0
4695,0,1
105979,5340,0
158942,5057,0
13562,1500,0
3598,2,0
143072,30000,0
139550,3500,0
10985,2441,0
2569,11662,0
1716,1518,0
6667,2600,0
20441,1700,0
81606,0,1
63505,5000,0
151214,6000,0
27217,1179,0
43098,42000,0
9738,1177,1
83719,5000,0
59998,2152,0
29480,1431,1
44749,2229,0
26277,1700,0
7338,15,0
27918,3145,0
17235,1610,0
6181,12140,0
123306,5000,0
34218,1893,1
2025,0,0
6348,0,1
3931,0,0
1473,1473,0
3829,4374,0
19792,1339,0
507,892,0
30680,100000,0
17957,3000,0
852,1746,0
48784,2194,0
25689,1500,1
928,282,0
45876,1732,0
150345,5300,1
126840,5298,0
25079,100000,0
243952,15521,0
42081,16495,0
10000,893,0
2670,262,0
12118,2000,0
149775,10000,0
17891,1800,0
13687,1600,1
13779,1245,1
24453,0,0
2712,4494,0
6259,2962,1
67671,2141,0
50990,2100,1
27849,2000,0
9979,0,1
65932,2500,0
836,836,1
79816,1600,0
133996,6319,0
49394,3000,0
1528,0,0
99516,10184,1
11306,1069,1
3286,3300,0
89687,4100,0
20433,0,0
9167,200,0
5417,15134,0
49458,2200,0
45648,2000,0
178541,0,1
4457,1400,0
9285,273,0
164576,0,1
36908,0,0
1987,0,0
85993,2922,0
129151,3501,0
3720,396,0
43226,1300,0
3997,0,1
62590,3815,0
144525,43089,0
146022,7000,0
1211,0,0
183887,4000,0
52175,2034,0
17831,1295,0
167390,6000,1
29378,5000,0
18472,2000,0
6902,141,0
82812,2697,0
14655,1600,1
253549,10400,0
89137,0,0
38228,0,1
54268,2425,1
175154,5100,0
49878,1718,0
191759,10051,0
820,820,0
177116,0,0
170146,0,0
178911,6581,0
49792,3444,0
16456,1500,1
131197,7000,0
32355,0,1
31808,1514,0
263842,11021,0
84196,2300,1
154386,10000,0
68370,2682,1
10628,1200,1
598,0,0
13708,9200,1
47908,3000,0
660,660,0
1941,1500,1
7015,500,0
150451,7000,0
50805,2284,1
8746,3108,1
4286,3282,0
44320,2021,0
3588,1505,0
36363,0,0
76412,5000,0
10522,261,1
48491,8000,0
122157,12301,1
178220,10000,1
46509,2000,0
48793,2500,1
11464,1879,0
3245,1864,0
24297,1411,0
47834,1866,0
170619,6063,0
38324,3390,0
8517,6765,0
5440,2000,0
193773,7350,1
296437,25,0
67061,10045,0
5925,11194,0
37129,1602,1
18924,3000,0
4400,3018,0
178069,6496,0
16750,1100,0
15061,10000,0
15556,2000,0
2395,29658,0
144953,6000,0
19111,1286,0
8133,3000,1
9983,43418,0
35117,11051,0
56327,2700,0
29628,1460,0
83134,3969,0
94916,3500,0
19626,1311,1
97719,4500,1
293481,10104,0
70820,1998,0
33928,2000,0
49897,1822,0
20706,1351,0
108075,5014,0
9527,42908,0
55262,2000,0
13070,2000,0
65883,3000,0
6573,8195,0
106852,4000,0
14671,2000,0
15008,3000,0
18872,3500,1
8432,928,0
48108,3000,0
3334,1500,0
30633,7000,1
40439,0,1
92909,6000,0
23693,4257,0
4536,0,1
3621,1130,0
19458,1552,0
27997,1800,0
30077,2809,0
119788,4728,0
14518,1150,0
57802,2960,0
49971,2303,0
46437,1912,0
35871,5000,0
25046,1724,1
40083,5000,0
13060,23008,0
3030,0,0
892,2180,0
7788,1149,0
20933,2700,1
4120,1500,0
7067,1291,1
50162,0,0
58751,3000,0
4459,13485,0
16393,1688,0
40246,2128,0
12750,3155,0
1614,40,0
151160,5526,0
2741,0,0
133714,6560,0
106621,4000,1
12986,1230,0
776,0,0
11536,3419,0
135432,6500,1
23191,2267,0
100613,3600,0
8000,13024,0
7565,28,0
101347,4179,1
7815,4933,0
15629,5402,0
2293,1009,0
47386,4807,1
3706,100000,0
97973,12500,1
52935,2500,0
6121,4391,0
125863,10053,0
122127,10000,0
275855,15000,1
22680,2000,0
3764,11142,0
42391,3000,0
26133,1500,1
10291,19326,0
8319,5056,0
227762,35018,0
5877,1268,0
17531,26588,0
41138,2000,0
56073,4500,0
65199,6532,0
4827,2000,0
936,0,0
45088,2000,1
6261,1000,0
37878,3000,0
18925,1976,1
99876,3000,1
75564,3406,0
14309,1268,0
203621,7464,0
3886,1100,0
87018,3267,0
50122,2027,0
3707,0,1
48971,1754,0
15048,2000,0
2848,7181,0
74829,7017,1
198098,4515,0
1939,333,0
130927,7000,0
98048,3903,0
251986,11000,0
51276,3000,0
45117,1281,0
61223,4003,0
7414,2020,0
48057,2007,0
933,598,0
6890,11002,0
4762,26943,1
1962,82,0
36370,4002,0
12443,2000,0
83762,3200,1
26350,1413,0
6491,4041,0
202139,7000,0
21769,0,0
17543,2100,1
19810,3495,0
1649,1071,0
1242,0,0
42101,2500,1
101556,3481,0
2560,0,1
4911,2000,0
90483,3315,0
54986,1966,0
13680,2019,0
4498,0,0
660,31187,0
8554,1000,1
17631,13184,0
21274,11540,0
4373,1131,0
25184,1800,0
87263,20803,0
4435,805,0
621,11420,0
138363,6000,0
7361,8692,0
192160,20104,0
2730,5606,0
2802,0,0
1876,9814,0
198482,5014,0
3410,1623,0
22148,1550,0
26680,22434,0
30535,84267,0
9330,31745,0
250263,29000,0
68488,3603,0
159715,6000,0
113618,34507,0
19068,1500,1
111098,5600,0
67940,2000,0
39577,3800,1
11848,5687,0
192743,9003,0
3371,2000,0
21489,5,0
142357,5300,0
5345,0,0
46589,2500,0
33147,1672,0
3506,2372,0
35504,5025,0
70492,2806,1
16019,0,0
237066,20000,0
4419,2584,0
220208,9000,0
180517,8022,0
20392,0,1
2245,1794,0
14234,11066,0
647,1222,0
11900,4256,0
1500,3794,0
82559,3500,0
195044,8000,0
133845,7000,0
36267,1587,0
2398,2294,0
24203,1367,0
16090,38710,0
899,0,0
49581,1500,0
57810,2100,0
29003,1500,0
7225,9386,0
73166,3112,0
3474,1974,0
29178,26963,0
1877,0,0
114690,4682,0
6369,5215,0
88176,1354,1
82640,5000,1
1905,2453,0
796,770,0
61785,3000,0
1632,2027,0
1937,0,1
6398,8331,0
5757,3242,0
2936,1676,0
4942,2554,0
96950,3255,0
45514,4854,0
119720,6000,0
19281,6654,0
70122,2431,0
174104,7000,0
6499,0,0
28938,1800,0
9658,8781,0
692,0,0
4343,725,0
9633,2000,0
31708,0,1
5000,0,0
766,243,0
5458,1500,0
16317,0,0
29202,2000,1
2200,0,0
125567,6831,0
25530,15035,0
6940,6200,0
1215,525,0
3102,552,0
15000,18400,0
1417,0,0
15379,3000,1
270553,10900,0
9511,35852,1
5631,404,0
14222,1300,0
5592,0,0
37070,17596,0
132387,11606,0
66212,0,0
40926,3000,1
82397,3004,0
25775,0,0
19594,2000,0
18379,1500,0
24135,0,1
126810,5000,0
19954,1700,1
51254,0,0
80199,3900,0
664,1086,0
1606,1420,0
4302,546,0
217936,8880,0
1148,0,0
29997,2000,0
1726,2800,0
45708,6000,0
276192,11000,0
51232,1900,0
31348,20109,0
45458,2051,1
9168,1166,0
3462,1147,0
20813,1000,0
720,100,1
12546,1500,1
47034,2500,0
51274,4175,0
2003,1086,0
8882,1300,0
102551,5500,0
17996,2100,1
146183,6206,0
7412,945,0
1870,32607,0
6136,9272,0
35865,1546,0
30779,1675,0
17468,32400,0
20793,10053,0
10070,1500,0
14597,1568,1
1358,55071,0
14171,2000,0
78337,4000,0
33077,1554,0
47189,1778,0
172655,10000,0
2400,0,1
2494,1997,0
162439,4000,0
17005,0,1
168376,7648,0
25856,13737,0
132242,5000,0
4370,0,0
34831,5059,0
26310,2728,0
14107,1200,1
500,15338,0
4445,4984,0
28729,2000,0
217638,7506,0
104153,4500,0
64651,2941,0
295786,15000,0
193650,4126,0
1110,24633,0
166295,5771,0
22861,6536,0
8086,21012,0
15276,4800,1
165578,4351,1
163695,7000,0
6763,1651,0
9075,2000,0
2180,251,0
47873,6000,0
124626,3900,0
655,270,0
212647,6000,0
278510,6996,1
2216,2199,0
780,0,1
3300,0,0
44681,2100,0
238902,8135,1
17622,3000,0
35745,13000,0
91176,6000,0
18219,2000,0
92861,3992,0
1201,0,0
60035,2380,1
62809,3018,0
72774,3500,0
31323,1500,0
610,995,0
84488,2871,0
41428,17800,0
7440,10050,0
6071,8023,0
48144,12000,0
70309,20000,0
58634,3000,0
27231,0,1
8201,1000,1
49917,5000,0
24349,9605,0
215013,9600,0
47674,1764,0
66935,13039,0
127510,0,1
18110,0,0
75294,3000,1
10125,1526,0
101060,6000,0
22219,140,1
45902,0,1
87190,3068,0
42215,3092,0
46178,57498,0
49986,23800,1
22472,1330,0
51400,0,0
14950,2065,0
16657,1500,0
195615,9234,0
2380,1750,0
50471,3000,0
15323,0,1
18221,3005,0
125722,12400,0
74349,3400,0
38604,0,1
134558,5185,0
86916,3135,0
68250,6325,1
53237,0,1
17053,2219,1
1400,373,0
93737,3600,0
142904,5200,0
30155,10541,1
236470,9560,0
19978,1594,1
17820,1435,0
231300,9838,0
52332,42898,0
205150,0,0
1344,1200,0
1637,0,0
1912,2768,0
100623,4700,0
26117,1737,0
23258,0,0
50583,2300,0
17377,1360,0
37695,0,0
20059,1641,1
17849,2000,0
40111,2252,0
53173,1324,0
2784,0,1
38661,5000,1
57445,2000,0
41500,0,1
52109,1565,0
13385,1200,0
118425,6000,1
72473,3500,0
88786,3200,0
15451,1600,1
157768,6000,0
57982,0,0
44402,2000,0
48408,1774,0
19583,1300,0
13358,6000,0
33236,1785,0
5118,6783,0
2232,3967,0
69542,2366,0
128656,6000,0
105102,5289,1
88728,0,1
94378,6000,0
50477,3500,1
1507,0,0
69725,3008,0
17822,19855,0
6396,7000,0
69970,4009,0
1568,87,0
295618,13437,0
4577,8400,0
28967,2500,1
44566,2054,0
202442,8211,0
2759,13,0
282674,12200,0
3821,1316,0
186163,9000,1
18486,0,0
40420,0,0
6336,1125,1
25422,1450,1
2347,4252,0
41092,3000,0
2274,7398,0
28991,1300,0
4042,5327,0
6276,16142,0
67544,4025,0
111409,6000,0
28969,1500,0
74917,3028,1
125816,7166,0
179483,8151,1
122806,15,0
2500,0,1
82964,68940,1
10701,0,0
222505,8000,0
3060,150,0
47317,3000,0
3824,0,1
61291,0,1
43459,26137,0
1289,2432,0
116630,0,0
58574,0,1
3752,513,0
13102,5655,0
44052,2000,0
66321,0,0
2416,2230,1
26587,3600,1
20876,2016,0
5423,4133,0
22285,1700,0
56778,20000,0
105976,5400,0
3215,676,0
2276,6626,1
269832,15327,0
1879,69842,0
6023,3632,0
5869,11556,0
48926,2019,0
58127,3000,0
139255,2040,0
63436,2096,0
100281,5000,0
11303,17654,0
106643,3700,0
100037,3607,0
9135,0,0
43828,1947,0
30471,39968,0
6974,1137,0
101138,3400,1
41922,1692,0
4640,18116,0
86513,4000,0
1859,2243,0
860,0,0
23611,1436,0
64932,2365,0
1680,17749,0
4520,1453,0
16400,886,0
1577,1100,0
43548,15000,0
209368,0,1
871,27371,0
236583,10000,0
85235,5000,0
65421,4850,0
12045,1500,0
2533,2997,0
24081,6068,0
10330,0,0
104624,28114,0
58389,20000,0
10683,2500,0
3014,760,0
38945,2511,0
73621,4300,0
2789,2942,0
77347,2384,0
13184,1242,0
33494,2506,1
14417,9000,0
48195,2035,0
79862,3000,0
30128,2000,0
60250,2167,0
16490,3000,1
827,0,0
5682,1000,1
94343,3500,0
15902,2000,0
603,1867,0
5599,1200,0
10208,4972,1
48241,2000,1
51550,0,1
5857,18794,0
31011,2002,0
30011,7000,0
67940,0,1
145728,5002,0
88072,4500,1
7806,1114,1
4091,1300,0
48998,6105,0
14598,2000,0
170717,6401,0
39868,1259,0
6283,0,1
31012,0,1
1294,1058,0
114355,13500,1
61143,3000,1
104252,4510,0
42314,1804,0
166701,5887,0
100226,5200,0
3310,0,0
46803,1772,0
262980,10929,0
30040,0,0
58175,2600,1
69554,4000,0
267475,10506,0
2184,2184,0
7536,1136,1
68773,3500,0
47529,17,1
163327,8200,0
3528,1196,0
227604,7670,0
13877,8422,0
120198,5900,0
48418,5019,0
162820,6024,0
24709,291,0
61231,2800,1
27202,3000,0
209044,7705,0
92590,3251,0
15019,1263,0
187487,16000,1
46717,2500,1
9501,1500,1
9242,1315,0
2178,0,0
189158,6561,0
1236,856,0
11300,0,1
153246,4009,1
92129,3510,0
205495,34700,0
33217,2000,1
39883,3000,0
70185,3000,0
21336,1400,0
22334,3851,0
694,0,0
19796,1507,0
68739,3000,1
77107,20000,0
2024,2017,0
18844,1500,1
137122,6700,0
33759,3500,1
59114,2800,0
580,580,1
9545,1117,0
109424,4032,0
29104,2000,1
49911,1762,0
1525,7430,0
77959,0,0
14658,1258,1
119279,10000,0
45769,2500,0
28194,1500,0
72703,2653,0
25492,3000,0
118287,5700,0
34778,10000,0
139282,4945,1
3016,0,0
198954,7000,0
225043,10000,1
68725,3220,0
170792,5729,0
10156,0,0
184438,3800,0
16361,1285,0
182329,9000,0
15793,1300,0
54051,1972,1
15507,0,1
40247,1800,1
24756,5500,1
193095,6900,0
99259,0,1
69994,2552,0
37097,2000,1
93384,3514,0
120649,6000,1
84052,7100,1
9978,3000,0
39402,2000,0
20916,5000,0
19341,900,1
115527,0,1
184697,8001,0
55829,2000,0
28765,1714,0
25530,1500,0
17049,15000,0
1536,696,1
3740,1100,0
50051,1754,0
130535,6000,1
48413,5000,1
8731,2463,0
27465,3700,0
95544,4200,0
68394,5620,0
11059,0,0
14045,1555,0
50620,1000,0
2364,442,0
1238,376,0
82150,3463,0
2434,3900,0
8298,1250,0
59580,0,1
105014,9000,0
49378,2500,0
53152,1725,0
10598,1571,0
2127,0,0
8508,27049,0
2805,1995,0
1946,1000,0
20193,3250,0
2494,2000,0
3647,2535,0
1863,1863,1
4161,2000,0
51032,30000,0
5527,1000,0
95917,2986,0
50461,2100,0
117328,4117,0
59710,1808,0
21952,6300,1
124146,6000,0
7196,1120,0
3042,41243,0
6185,27821,0
892,6846,0
149957,6000,0
78480,3100,1
2213,5286,0
71006,36448,0
73329,2700,0
14993,1938,0
108668,4322,0
37541,1434,0
25339,1427,0
1250,940,0
3625,398,0
1650,196,0
215050,9029,0
95986,4300,0
4571,4905,0
46857,2000,0
858,885,0
214274,11000,0
74745,2815,0
66301,3500,0
4793,6336,0
776,776,0
18608,2000,0
111204,5600,0
576,3578,0
8756,26,0
81731,4000,0
46911,1748,0
138594,3755,0
988,12961,1
43733,16787,0
11175,14181,0
242422,7757,0
121603,30000,0
23500,0,0
101526,3000,0
47423,3000,0
6089,2400,0
294180,11000,0
7390,2157,0
66604,9293,0
93050,8840,1
626,626,1
3890,4008,0
12724,0,1
56107,53400,0
27873,1441,0
5106,280,0
28701,27078,0
264549,10000,0
22943,1700,0
9172,1172,0
15633,2302,0
93983,5500,1
105373,5700,1
61180,23222,0
52308,0,0
41387,2000,0
52514,2449,0
50312,85387,0
84873,4000,0
32734,1506,0
67423,10000,0
124493,4800,0
16666,62545,0
141137,5481,0
89226,3133,0
3231,9666,0
8812,15234,0
77627,5000,0
832,0,0
1895,0,1
1031,1895,0
277822,6150,0
110819,6000,0
872,3347,0
2080,0,0
30238,2000,1
206245,13126,1
528,0,1
165405,6027,0
11006,4160,0
34483,22864,0
60244,3000,0
46895,7518,0
38137,1934,0
905,3450,0
2435,0,0
99938,3500,0
48872,3688,0
168090,5500,0
1829,2793,0
236883,8636,0
9279,0,0
86179,4000,0
293174,15000,0
986,3939,0
28625,0,0
290122,7100,0
650,2080,0
80297,3410,0
15986,4359,0
19629,1340,0
117287,6500,0
919,2385,0
14149,18734,0
9061,0,1
1933,63201,0
177554,6500,0
10160,0,0
94467,3627,0
51159,3000,0
3855,1040,0
7545,1500,0
50511,1785,0
1650,0,1
20636,1604,1
1386,25125,0
177998,7000,0
85748,4000,0
212751,40000,0
24779,5000,0
101215,5006,0
188853,5003,0
48534,1824,0
9228,1171,0
80351,4000,0
49139,2500,0
2197,3613,0
137266,5212,0
530,0,0
14614,1558,0
4638,323,0
58982,2097,0
101546,3000,0
48931,207000,0
1382,1300,0
237372,10000,0
5249,10000,0
85500,3956,0
27855,1259,0
128213,7000,0
5339,1189,0
1692,2702,0
14829,3000,0
26742,2800,0
48632,4600,0
7950,6691,0
9649,1500,1
59016,0,0
5484,1000,1
6300,0,0
3566,0,1
18646,2000,1
2606,2990,0
6742,3000,0
97190,1787,1
18100,2000,0
1124,18213,0
233770,8100,1
78244,2009,0
29112,43111,0
33075,2000,0
14320,2000,0
28130,1750,0
240725,10022,0
1280,0,0
11179,1300,0
230523,11828,0
3016,12165,0
60121,2454,0
50512,2000,0
196770,10500,0
2400,0,1
255299,9106,1
51350,0,0
50562,6500,0
88903,7000,0
49336,1423,0
100862,367,0
98440,4000,0
19107,10238,0
2445,13053,0
83607,3000,0
95526,5000,0
19628,14594,0
32538,4000,0
71586,3100,1
54952,2600,1
50999,2000,0
159322,7500,0
129548,6000,0
75635,0,1
4206,3980,0
735,51,0
21628,2000,0
7752,1500,1
8802,2000,0
